Name,Hull Number,Class,Type,Year,Homeport
USS Alabama,SSBN-731,Ohio,Ballistic missile submarine,1985,Naval Base Kitsap
USS Albany,SSN-753,Los Angeles,Attack submarine,1990,Naval Station Norfolk
USS America,LHA-6,America,Amphibious assault ship,2014,United States Fleet Activities Sasebo
USS Annapolis,SSN-760,Los Angeles,Attack submarine,1992,Naval Base San Diego
USS Arlington,LPD-24,San Antonio,Amphibious transport dock,2013,Naval Station Norfolk
USS Ashland,LSD-48,Whidbey Island,Dock landing ship,1992,United States Fleet Activities Sasebo
USS Bainbridge,DDG-96,Arleigh Burke,Destroyer,2005,Naval Station Norfolk
USS Bataan,LHD-5,Wasp,Amphibious assault ship,1997,Naval Station Norfolk
USS Billings,LCS-15,Freedom,Littoral combat ship,2019,Naval Station Mayport
USS Boise,SSN-764,Los Angeles,Attack submarine,1992,Naval Station Norfolk
USS Bulkeley,DDG-84,Arleigh Burke,Destroyer,2001,Naval Station Norfolk
USS Canberra,LCS-30,Independence,Littoral combat ship,2023,Naval Base San Diego
USS Carl M. Levin,DDG-120,Arleigh Burke,Destroyer,2023,Naval Station Pearl Harbor
USS Carney,DDG-64,Arleigh Burke,Destroyer,1996,Naval Station Mayport
USS Chafee,DDG-90,Arleigh Burke,Destroyer,2003,Naval Station Pearl Harbor
USS Charlotte,SSN-766,Los Angeles,Attack submarine,1994,Naval Station Pearl Harbor
USS Chief,MCM-14,Avenger,Mine countermeasures ship,1994,United States Fleet Activities Sasebo
USS Chung-Hoon,DDG-93,Arleigh Burke,Destroyer,2004,Naval Station Pearl Harbor
USS Cole,DDG-67,Arleigh Burke,Destroyer,1996,Naval Station Norfolk
USS Columbia,SSN-771,Los Angeles,Attack submarine,1995,Naval Station Pearl Harbor
USS Comstock,LSD-45,Whidbey Island,Dock landing ship,1990,Naval Base San Diego
USS Curtis Wilbur,DDG-54,Arleigh Burke,Destroyer,1994,Naval Base San Diego
USS Decatur,DDG-73,Arleigh Burke,Destroyer,1998,Naval Base San Diego
USS Delbert D. Black,DDG-119,Arleigh Burke,Destroyer,2020,Naval Station Mayport
USS Dewey,DDG-105,Arleigh Burke,Destroyer,2010,Naval Base San Diego
USS Donald Cook,DDG-75,Arleigh Burke,Destroyer,1998,Naval Station Mayport
USS Emory S. Land,AS-39,Emory S. Land,Submarine tender,1979,
USS Farragut,DDG-99,Arleigh Burke,Destroyer,2006,Naval Station Mayport
USS Florida,SSGN-728,Ohio,Guided missile submarine,1983,Naval Submarine Base Kings Bay
USS Fort Lauderdale,LPD-28,San Antonio,Amphibious transport dock,2022,Naval Station Norfolk
USS Frank Cable,AS-40,Emory S. Land,Submarine tender,1979,Joint Region Marianas
USS Gabrielle Giffords,LCS-10,Independence,Littoral combat ship,2017,Naval Base San Diego
USS George H.W. Bush,CVN-77,Nimitz,Aircraft carrier,2009,Naval Station Norfolk
USS Gerald R. Ford,CVN-78,Gerald R. Ford,Aircraft carrier,2017,Naval Station Norfolk
USS Gettysburg,CG-64,Ticonderoga,Cruiser,1991,Naval Station Mayport
USS Gonzalez,DDG-66,Arleigh Burke,Destroyer,1996,Naval Station Norfolk
USS Green Bay,LPD-20,San Antonio,Amphibious transport dock,2006,United States Fleet Activities Sasebo
USS Gridley,DDG-101,Arleigh Burke,Destroyer,2007,Naval Station Everett
USS Halsey,DDG-97,Arleigh Burke,Destroyer,2005,Naval Station Pearl Harbor
USS Harpers Ferry,LSD-49,Harpers Ferry,Dock landing ship,1995,Naval Station San Diego
USS Hartford,SSN-768,Los Angeles,Attack submarine,1994,Naval Submarine Base New London
USS Helena,SSN-725,Los Angeles,Attack submarine,1987,Naval Station Norfolk
"USS Hershel ""Woody"" Williams",ESB-4,Lewis B. Puller,Expeditionary mobile base,2020,Naval Station Norfolk
USS Hopper,DDG-70,Arleigh Burke,Destroyer,1997,Naval Station Pearl Harbor
USS Hyman G. Rickover,SSN-795,Virginia,Attack submarine,2023,Naval Station Groton
USS Indiana,SSN-789,Virginia,Attack submarine,2018,Naval Submarine Base New London
USS Iwo Jima,LHD-7,Wasp,Amphibious assault ship,2001,Naval Station Mayport
USS Jack H. Lucas,DDG-125,Arleigh Burke,Destroyer,2023,Naval Station San Diego
USS Jason Dunham,DDG-109,Arleigh Burke,Destroyer,2010,Naval Station Mayport
USS Jimmy Carter,SSN-23,Seawolf,Attack submarine,2005,Naval Base Kitsap
USS John Finn,DDG-113,Arleigh Burke,Destroyer,2017,Naval Base San Diego
USS John P. Murtha,LPD-26,San Antonio,Amphibious transport dock,2016,Naval Base San Diego
USS John S. McCain,DDG-56,Arleigh Burke,Destroyer,1994,Naval Station Everett
USS Kansas City,LCS-22,Independence,Littoral combat ship,2020,Naval Base San Diego
USS Kentucky,SSBN-737,Ohio,Ballistic missile submarine,1991,Naval Base Kitsap
USS Kidd,DDG-100,Arleigh Burke,Destroyer,2007,Naval Station Everett
USS Lake Erie,CG-70,Ticonderoga,Cruiser,1993,Naval Station San Diego
USS Lenah Sutcliffe Higbee,DDG-123,Arleigh Burke,Destroyer,2023,Naval Station San Diego
USS Louisiana,SSBN-743,Ohio,Ballistic missile submarine,1997,Naval Base Kitsap
USS Maine,SSBN-741,Ohio,Ballistic missile submarine,1995,Naval Base Kitsap
USS Manchester,LCS-14,Independence,Littoral combat ship,2018,Naval Base San Diego
USS Maryland,SSBN-738,Ohio,Ballistic missile submarine,1992,Naval Submarine Base Kings Bay
USS McCampbell,DDG-85,Arleigh Burke,Destroyer,2002,Naval Station Everett
USS Mesa Verde,LPD-19,San Antonio,Amphibious transport dock,2007,Naval Station Norfolk
USS Michael Murphy,DDG-112,Arleigh Burke,Destroyer,2012,Naval Station Pearl Harbor
USS Miguel Keith,ESB-5,Lewis B. Puller,Expeditionary mobile base,2021,Naval Forces Japan (United States)
USS Minnesota,SSN-783,Virginia,Attack submarine,2013,Naval Station Pearl Harbor
USS Mississippi,SSN-782,Virginia,Attack submarine,2012,Naval Station Pearl Harbor
USS Mitscher,DDG-57,Arleigh Burke,Destroyer,1994,Naval Station Norfolk
USS Momsen,DDG-92,Arleigh Burke,Destroyer,2004,Naval Station San Diego
USS Montgomery,LCS-8,Independence,Littoral combat ship,2016,Naval Station San Diego
USS Mount Whitney,LCC-20,Blue Ridge,Amphibious command ship,1971,Gaeta#NATO base
USS Nebraska,SSBN-739,Ohio,Ballistic missile submarine,1993,Naval Base Kitsap
USS New Hampshire,SSN-778,Virginia,Attack submarine,2008,Naval Submarine Base New London
USS New Mexico,SSN-779,Virginia,Attack submarine,2010,Naval Submarine Base New London
USS New York,LPD-21,San Antonio,Amphibious transport dock,2009,Naval Station Mayport
USS Nimitz,CVN-68,Nimitz,Aircraft carrier,1975,Naval Base Kitsap
USS Normandy,CG-60,Ticonderoga,Cruiser,1989,Naval Station Norfolk
USS North Dakota,SSN-784,Virginia,Attack submarine,2014,Naval Submarine Base New London
USS Oak Hill,LSD-51,Harpers Ferry,Dock landing ship,1996,Naval Amphibious Base Little Creek
USS Ohio,SSGN-726,Ohio,Guided missile submarine,1981,Naval Base Kitsap
USS Oregon,SSN-793,Virginia,Attack submarine,2022,Naval Submarine Base New London
USS Pasadena,SSN-752,Los Angeles,Attack submarine,1989,Naval Station Norfolk
USS Paul Hamilton,DDG-60,Arleigh Burke,Destroyer,1995,Naval Station Pearl Harbor
USS Pearl Harbor,LSD-52,Harpers Ferry,Dock landing ship,1998,Naval Base San Diego
USS Philippine Sea,CG-58,Ticonderoga,Cruiser,1989,Naval Station Mayport
USS Pioneer,MCM-9,Avenger,Mine countermeasures ship,1992,United States Fleet Activities Sasebo
USS Portland,LPD-27,San Antonio,Amphibious transport dock,2017,Naval Station San Diego
USS Princeton,CG-59,Ticonderoga,Cruiser,1989,Naval Base San Diego
USS Rafael Peralta,DDG-115,Arleigh Burke,Destroyer,2017,Naval Station San Diego
USS Ramage,DDG-61,Arleigh Burke,Destroyer,1995,Naval Station Norfolk
USS Robert Smalls,CG-62,Ticonderoga,Cruiser,1989,United States Fleet Activities Yokosuka
USS Roosevelt,DDG-80,Arleigh Burke,Destroyer,2000,Naval Station Rota Spain
USS Rushmore,LSD-47,Whidbey Island,Dock landing ship,1991,Naval Base San Diego
USS Sampson,DDG-102,Arleigh Burke,Destroyer,2007,Naval Station Everett
USS San Diego,LPD-22,San Antonio,Amphibious transport dock,2012,Naval Base San Diego
USS Santa Barbara,LCS-32,Independence,Littoral combat ship,2023,Naval Base San Diego
USS Savannah,LCS-28,Independence,Littoral combat ship,2022,Naval Station San Diego
USS Seawolf,SSN-21,Seawolf,Attack submarine,1997,Naval Base Kitsap
USS Shiloh,CG-67,Ticonderoga,Cruiser,1992,United States Fleet Activities Yokosuka
USS Somerset,LPD-25,San Antonio,Amphibious transport dock,2014,Naval Base San Diego
USS Springfield,SSN-761,Los Angeles,Attack submarine,1993,Naval Station Pearl Harbor
USS St. Louis,LCS-19,Freedom,Littoral combat ship,2020,Naval Station Mayport
USS Stethem,DDG-63,Arleigh Burke,Destroyer,1995,United States Fleet Activities Yokosuka
USS Stout,DDG-55,Arleigh Burke,Destroyer,1994,Naval Station Norfolk
USS Texas,SSN-775,Virginia,Attack submarine,2006,Naval Station Pearl Harbor
USS Theodore Roosevelt,CVN-71,Nimitz,Aircraft carrier,1986,Naval Air Station North Island
USS Toledo,SSN-769,Los Angeles,Attack submarine,1995,Naval Submarine Base New London
USS Tortuga,LSD-46,Whidbey Island,Dock landing ship,1990,Naval Amphibious Base Little Creek
USS Truxtun,DDG-103,Arleigh Burke,Destroyer,2009,Naval Station Norfolk
USS Tulsa,LCS-16,Independence,Littoral combat ship,2019,Naval Station San Diego
USS Virginia,SSN-774,Virginia,Attack submarine,2004,Naval Submarine Base New London
USS Washington,SSN-787,Virginia,Attack submarine,2017,Naval Station Norfolk
USS Wayne E. Meyer,DDG-108,Arleigh Burke,Destroyer,2009,Naval Base San Diego
USS William P. Lawrence,DDG-110,Arleigh Burke,Destroyer,2011,Naval Base San Diego
USS Wichita,LCS-13,Freedom,Littoral combat ship,2019,Naval Station Mayport
